,City,Country,Lat,Lng,Max Temp,Humidity,Cloudiness,Wind Speed,Current Desription,Rain (inches),Snow (inches)
0,Majene,ID,-3.54,118.97,78.19,86,100,10.51,overcast clouds,0.0,0
1,Albany,US,42.6,-73.97,84.0,76,75,7.78,broken clouds,0.0,0
2,Port Alfred,ZA,-33.59,26.89,57.96,64,94,28.32,light rain,0.36,0
3,Flic En Flac,MU,-20.27,57.36,72.0,68,75,12.75,shower rain,0.0,0
4,Batsfjord,NO,70.63,29.72,53.6,66,75,10.29,broken clouds,0.0,0
5,Toguchin,RU,55.24,84.39,61.47,82,6,0.31,clear sky,0.0,0
6,Ushuaia,AR,-54.8,-68.3,30.2,80,75,3.36,broken clouds,0.0,0
7,Sapouy,BF,11.55,-1.77,84.4,64,100,7.02,overcast clouds,0.0,0
8,Upata,VE,8.01,-62.4,81.0,84,99,1.01,light rain,0.69,0
9,Tuktoyaktuk,CA,69.45,-133.04,37.4,93,75,0.94,mist,0.0,0
10,Busselton,AU,-33.65,115.33,46.0,68,0,12.95,clear sky,0.0,0
11,Nikolskoye,RU,59.7,30.79,64.4,48,76,13.42,broken clouds,0.0,0
12,Vaini,TO,-21.2,-175.2,69.8,88,75,9.17,broken clouds,0.0,0
13,Itarema,BR,-2.92,-39.92,85.48,59,46,13.87,scattered clouds,0.0,0
14,Ambulu,ID,-8.35,113.61,76.01,88,100,5.44,overcast clouds,0.0,0
15,Sorong,ID,-0.88,131.25,79.54,81,100,3.94,light rain,0.86,0
16,Iqaluit,CA,63.75,-68.51,37.4,93,90,10.29,light rain,0.0,0
17,Fairbanks,US,64.84,-147.72,52.0,81,1,5.3,clear sky,0.0,0
18,Pevek,RU,69.7,170.31,48.74,76,100,1.52,overcast clouds,0.0,0
19,Quang Ngai,VN,15.12,108.8,79.29,88,100,4.61,overcast clouds,0.0,0
20,Qaanaaq,GL,77.48,-69.36,44.64,60,93,5.06,overcast clouds,0.0,0
21,Pampa,US,35.54,-100.96,89.6,38,1,13.87,clear sky,0.0,0
22,Lashio,MM,22.93,97.75,69.28,100,100,2.28,light rain,0.11,0
23,Mar Del Plata,AR,-38.0,-57.56,46.0,75,33,19.46,scattered clouds,0.0,0
24,Bereda,ES,43.27,-7.54,66.0,73,6,21.0,clear sky,0.0,0
25,Bluff,NZ,-46.6,168.33,50.11,80,100,24.61,light rain,0.13,0
26,Luderitz,NA,-26.65,15.16,66.2,52,0,13.87,clear sky,0.0,0
27,Solnechnyy,RU,50.72,136.63,58.08,87,5,2.08,clear sky,0.0,0
28,Udachnyy,RU,66.42,112.4,68.0,52,90,8.95,light intensity shower rain,0.0,0
29,Uruzgan,AF,32.83,66.0,79.45,17,0,7.29,clear sky,0.0,0
30,Ponta Do Sol,PT,32.67,-17.1,78.8,57,20,20.8,few clouds,0.0,0
31,Barrow,US,71.29,-156.79,33.8,86,90,8.05,mist,0.0,0
32,Kapaa,US,22.08,-159.32,78.8,83,90,13.87,moderate rain,1.78,0
33,Uzyn,UA,49.83,30.41,91.4,40,0,8.95,clear sky,0.0,0
34,Linguere,SN,15.4,-15.12,96.67,37,86,9.93,overcast clouds,0.0,0
35,Beyneu,KZ,45.32,55.2,101.53,13,50,7.07,scattered clouds,0.0,0
36,Severo-Kurilsk,RU,50.68,156.12,50.63,89,100,3.65,light rain,0.24,0
37,Tongren,CN,27.72,109.19,75.99,81,65,2.64,broken clouds,0.0,0
38,Avarua,CK,-21.21,-159.78,71.6,88,100,1.12,light rain,0.46,0
39,Peregu Mare,RO,46.23,20.9,91.4,27,40,10.29,scattered clouds,0.0,0
40,Carnarvon,AU,-24.87,113.63,59.0,67,0,8.05,clear sky,0.0,0
41,Los Llanos De Aridane,ES,28.66,-17.92,77.0,69,20,16.11,few clouds,0.0,0
42,Hokitika,NZ,-42.72,170.97,53.01,82,99,11.65,light rain,0.5,0
43,Itacare,BR,-14.28,-39.0,74.14,85,51,8.14,light rain,0.39,0
44,Hermanus,ZA,-34.42,19.23,57.0,66,39,7.0,scattered clouds,0.0,0
45,Mackenzie,CA,55.3,-123.17,53.6,87,75,4.7,broken clouds,0.0,0
46,Pizarro,CO,4.95,-77.37,80.31,77,44,2.98,scattered clouds,0.0,0
47,Arraial Do Cabo,BR,-22.97,-42.03,77.0,53,0,17.22,clear sky,0.0,0
48,Ilulissat,GL,69.22,-51.1,44.6,81,40,4.7,scattered clouds,0.0,0
49,Rome,US,34.26,-85.16,84.99,58,1,4.7,clear sky,0.0,0
50,Atuona,PF,-9.8,-139.03,79.88,76,31,21.39,scattered clouds,0.0,0
51,Maneadero,MX,31.72,-116.57,69.01,93,2,1.01,clear sky,0.0,0
52,Dunedin,NZ,-45.87,170.5,50.0,60,100,3.0,overcast clouds,0.0,0
53,Corumba,BR,-19.01,-57.65,78.8,65,27,6.93,scattered clouds,0.0,0
54,Hobart,AU,-42.88,147.33,46.0,93,90,4.7,overcast clouds,0.0,0
55,Kaitangata,NZ,-46.28,169.85,50.0,55,100,5.99,overcast clouds,0.0,0
56,Caucaia,BR,-3.74,-38.65,86.0,51,40,12.75,scattered clouds,0.0,0
57,Diffa,NE,13.32,12.61,97.45,30,76,8.32,broken clouds,0.0,0
58,Bengkulu,ID,-3.8,102.27,78.57,87,95,3.96,light rain,0.38,0
59,Yuksekova,TR,37.57,44.29,68.0,56,40,6.93,thunderstorm,0.0,0
60,Butaritari,KI,3.07,172.79,82.42,80,100,15.55,light rain,0.46,0
61,Fortuna,US,40.6,-124.16,57.99,93,90,6.93,overcast clouds,0.0,0
62,Contamana,PE,-7.33,-75.02,86.81,54,42,1.66,scattered clouds,0.0,0
63,Ewa Beach,US,21.32,-158.01,78.8,73,90,4.7,overcast clouds,0.0,0
64,Muisne,EC,0.6,-80.03,75.31,84,100,5.21,overcast clouds,0.0,0
65,Torbay,CA,47.67,-52.73,64.99,77,40,5.82,scattered clouds,0.0,0
66,Palmas Bellas,PA,9.23,-80.09,77.0,100,40,8.34,light rain,0.0,0
67,Balabac,PH,7.99,117.06,80.87,76,100,0.27,overcast clouds,0.0,0
68,Nemuro,JP,43.32,145.57,57.07,94,100,12.24,overcast clouds,0.0,0
69,Provideniya,RU,64.38,-173.3,50.05,84,7,5.1,clear sky,0.0,0
70,Saskylakh,RU,71.92,114.08,65.03,81,75,11.77,light rain,0.27,0
71,Roma,US,43.21,-75.46,79.0,88,90,10.29,overcast clouds,0.0,0
72,Bredasdorp,ZA,-34.53,20.04,59.0,58,24,12.75,few clouds,0.0,0
73,Avera,US,33.19,-82.53,86.0,74,1,6.93,clear sky,0.0,0
74,Puerto Carreno,CO,6.19,-67.49,78.01,87,100,2.82,moderate rain,1.35,0
75,Puerto Ayora,EC,-0.74,-90.35,68.0,91,100,1.99,overcast clouds,0.0,0
76,Novoanninskiy,RU,50.53,42.67,75.81,57,0,11.61,clear sky,0.0,0
77,Darbhanga,IN,26.17,85.9,81.25,89,100,6.15,moderate rain,2.16,0
78,Anadyr,RU,64.75,177.48,60.8,63,100,4.47,light rain,0.32,0
79,Dikson,RU,73.51,80.55,43.09,86,79,13.04,broken clouds,0.0,0
80,Punta Arenas,CL,-53.15,-70.92,33.8,86,75,11.41,broken clouds,0.0,0
81,Kharp,RU,66.8,65.81,59.43,91,100,7.63,heavy intensity rain,4.15,0
82,Mae Hong Son,TH,19.3,97.97,77.74,83,90,2.13,light rain,0.5,0
83,Hilo,US,19.73,-155.09,73.4,78,75,5.82,broken clouds,0.0,0
84,Faanui,PF,-16.48,-151.75,77.58,79,36,18.41,scattered clouds,0.0,0
85,Mandalgarh,IN,25.2,75.1,87.89,62,100,17.47,light rain,0.37,0
86,Xinyu,CN,27.8,114.93,79.72,84,100,7.29,overcast clouds,0.0,0
87,San Juan,AR,-31.54,-68.54,56.19,41,81,10.47,broken clouds,0.0,0
88,Mto Wa Mbu,TZ,-3.35,35.85,76.8,49,79,5.5,broken clouds,0.0,0
89,Dekar,BW,-21.53,21.93,63.18,26,0,11.99,clear sky,0.0,0
90,Mayumba,GA,-3.43,10.66,75.52,79,65,9.24,broken clouds,0.0,0
91,Paamiut,GL,61.99,-49.67,43.56,89,31,6.67,scattered clouds,0.0,0
92,Tumpat,MY,6.2,102.17,78.8,88,40,6.93,thunderstorm,0.0,0
93,Omsukchan,RU,62.53,155.8,52.29,85,54,2.86,broken clouds,0.0,0
94,Santiago De Cao,PE,-7.96,-79.24,63.84,78,99,11.65,overcast clouds,0.0,0
95,Goderich,CA,43.75,-81.72,70.0,85,100,19.42,light rain,0.66,0
96,Lagoa,PT,39.05,-27.98,69.28,77,19,11.27,few clouds,0.0,0
97,Baruun-Urt,MN,46.68,113.28,69.01,46,32,8.84,scattered clouds,0.0,0
98,Longyearbyen,SJ,78.22,15.64,44.6,70,40,34.45,scattered clouds,0.0,0
99,Norfolk,US,42.17,-71.25,84.99,69,40,11.41,light rain,0.25,0
100,Rikitea,PF,-23.12,-134.97,68.25,68,38,19.39,scattered clouds,0.0,0
101,Castro,BR,-24.79,-50.01,69.67,63,44,12.01,scattered clouds,0.0,0
102,San Cristobal,VE,7.77,-72.22,82.4,65,40,9.17,scattered clouds,0.0,0
103,Agadez,NE,19.75,10.25,106.99,8,65,4.56,broken clouds,0.0,0
104,Esperance,AU,-33.87,121.9,46.4,87,14,6.93,few clouds,0.0,0
105,Charters Towers,AU,-20.1,146.27,61.47,93,18,6.62,few clouds,0.0,0
106,Lata,PT,40.16,-8.33,97.0,50,48,11.45,scattered clouds,0.0,0
107,Quatre Cocos,MU,-20.21,57.76,72.0,68,75,12.75,shower rain,0.0,0
108,Terra Santa,BR,-2.1,-56.49,87.93,57,72,5.7,broken clouds,0.0,0
109,Mataura,NZ,-46.19,168.86,44.08,91,100,3.51,overcast clouds,0.0,0
110,General Roca,AR,-39.03,-67.58,51.8,29,100,10.29,overcast clouds,0.0,0
111,Asau,RO,46.43,26.4,86.0,33,0,18.34,clear sky,0.0,0
112,Iskateley,RU,67.68,53.15,64.9,50,0,13.2,clear sky,0.0,0
113,Bambous Virieux,MU,-20.34,57.76,72.0,68,75,12.75,shower rain,0.0,0
114,Pisco,PE,-13.7,-76.22,60.01,87,90,5.82,mist,0.0,0
115,Kuzhener,RU,56.81,48.91,70.45,71,20,3.76,few clouds,0.0,0
116,East London,ZA,-33.02,27.91,60.8,48,88,33.33,light rain,0.61,0
117,Kruisfontein,ZA,-34.0,24.73,52.66,65,59,17.18,broken clouds,0.0,0
118,Victor Harbor,AU,-35.57,138.62,50.0,93,89,11.56,light rain,0.25,0
119,Little Rock,US,34.75,-92.29,90.0,74,1,3.36,clear sky,0.0,0
120,Tripoli,LY,32.88,13.19,81.95,60,0,13.53,clear sky,0.0,0
121,Gizo,SB,-8.1,156.84,81.9,76,83,7.29,broken clouds,0.0,0
122,Karratha,AU,-20.74,116.85,68.63,29,0,15.12,clear sky,0.0,0
123,Chernyshevskiy,RU,63.01,112.47,61.7,97,15,6.35,few clouds,0.0,0
124,Asyut,EG,27.18,31.18,105.8,24,6,12.75,clear sky,0.0,0
125,Turan,VN,16.07,108.22,80.6,74,20,10.29,few clouds,0.0,0
126,Dalbandin,PK,28.89,64.41,97.29,9,0,12.44,clear sky,0.0,0
127,Talnakh,RU,69.49,88.4,51.8,87,75,17.9,broken clouds,0.0,0
128,Sao Joao Da Barra,BR,-21.64,-41.05,77.0,64,40,9.17,scattered clouds,0.0,0
129,Bubaque,GW,11.28,-15.83,79.2,88,100,20.87,moderate rain,1.48,0
130,Aklavik,CA,68.22,-135.01,46.4,87,40,3.02,scattered clouds,0.0,0
131,Alofi,NU,-19.06,-169.92,73.4,88,39,12.75,scattered clouds,0.0,0
132,Tuatapere,NZ,-46.13,167.68,45.45,90,100,4.74,light rain,0.58,0
133,De Aar,ZA,-30.65,24.01,48.56,46,22,14.09,few clouds,0.0,0
134,Leeuwarden,NL,53.2,5.81,66.0,59,40,12.75,scattered clouds,0.0,0
135,Panaba,MX,21.28,-88.27,84.25,77,3,5.41,clear sky,0.0,0
136,Shakhtinsk,KZ,49.71,72.59,68.0,64,3,8.95,clear sky,0.0,0
137,Douglas,US,41.3,-96.17,79.0,57,1,6.93,clear sky,0.0,0
138,Saint George,US,37.1,-113.58,87.01,21,1,1.48,clear sky,0.0,0
139,Cabo San Lucas,MX,22.89,-109.91,84.99,63,0,1.99,clear sky,0.0,0
140,Hasaki,JP,35.73,140.83,80.6,83,75,17.22,shower rain,0.0,0
141,New Norfolk,AU,-42.78,147.06,46.0,91,58,2.28,broken clouds,0.0,0
142,Jamestown,US,42.1,-79.24,73.0,100,90,6.93,moderate rain,1.02,0
143,Paradise Valley,US,33.53,-111.94,96.01,27,1,4.7,clear sky,0.0,0
144,Batagay-Alyta,RU,67.8,130.41,58.12,56,98,2.13,overcast clouds,0.0,0
145,Ygatimi,PY,-24.08,-55.5,74.19,65,100,6.31,overcast clouds,0.0,0
146,Cape Town,ZA,-33.93,18.42,57.99,58,40,11.41,scattered clouds,0.0,0
147,Destin,US,30.39,-86.5,89.6,66,1,11.41,clear sky,0.0,0
148,Lompoc,US,34.64,-120.46,51.8,100,0,1.3,mist,0.0,0
149,Zharkent,KZ,44.16,80.0,77.97,31,74,13.56,broken clouds,0.0,0
150,Nome,US,64.5,-165.41,44.6,75,1,7.47,clear sky,0.0,0
151,Saint-Philippe,RE,-21.36,55.77,71.6,64,50,3.36,light rain,0.16,0
152,College,US,64.86,-147.8,52.0,76,75,5.82,broken clouds,0.0,0
153,Walvis Bay,NA,-22.96,14.51,73.4,34,0,11.41,clear sky,0.0,0
154,Makakilo City,US,21.35,-158.09,78.8,73,90,4.7,overcast clouds,0.0,0
155,Chokurdakh,RU,70.63,147.92,45.12,81,4,10.16,clear sky,0.0,0
156,Ambon,ID,-3.7,128.18,79.0,14,100,10.51,light rain,0.15,0
157,Upernavik,GL,72.79,-56.15,41.65,82,0,7.27,clear sky,0.0,0
158,Fare,PF,-16.7,-151.02,78.15,77,7,17.65,clear sky,0.0,0
159,Te Anau,NZ,-45.42,167.72,46.98,88,100,6.17,moderate rain,3.67,0
160,Dali,CN,25.7,100.18,64.96,83,100,6.78,overcast clouds,0.0,0
161,Tasiilaq,GL,65.61,-37.64,46.4,70,20,16.11,few clouds,0.0,0
162,San Policarpo,PH,12.18,125.51,81.88,80,100,3.8,overcast clouds,0.0,0
163,Port Hedland,AU,-20.32,118.57,64.4,23,0,8.05,clear sky,0.0,0
164,Dingle,PH,11.0,122.67,78.12,85,86,3.18,overcast clouds,0.0,0
165,Camargo,MX,27.67,-105.17,83.05,39,15,4.07,few clouds,0.0,0
166,Cayenne,GF,4.93,-52.33,87.8,62,75,6.93,broken clouds,0.0,0
167,Portland,US,45.52,-122.68,63.0,82,1,3.36,clear sky,0.0,0
168,Waipawa,NZ,-41.41,175.52,52.0,71,97,14.99,overcast clouds,0.0,0
169,Dunning,GB,56.31,-3.59,64.0,65,90,7.0,overcast clouds,0.0,0
170,Saldanha,ZA,-33.01,17.94,59.0,54,7,5.82,clear sky,0.0,0
171,Lysva,RU,58.11,57.81,71.44,62,7,5.75,clear sky,0.0,0
172,Ostrovnoy,RU,68.05,39.51,63.84,52,16,11.83,few clouds,0.0,0
173,Yellowknife,CA,62.46,-114.35,66.99,82,75,6.93,broken clouds,0.0,0
174,Puerto Narino,CO,-3.77,-70.38,78.8,88,75,5.82,broken clouds,0.0,0
175,Mayo,US,38.89,-76.51,84.0,78,1,6.58,clear sky,0.0,0
176,Elat,IL,29.56,34.95,96.8,34,0,9.17,clear sky,0.0,0
177,Ancud,CL,-41.87,-73.82,44.01,86,40,8.05,scattered clouds,0.0,0
178,Yulara,AU,-25.24,130.99,42.8,52,0,6.93,clear sky,0.0,0
179,Olafsvik,IS,64.89,-23.71,51.96,85,100,12.17,overcast clouds,0.0,0
180,Erdenet,MN,49.03,104.08,57.54,77,86,0.54,overcast clouds,0.0,0
181,Egvekinot,RU,66.32,-179.17,53.76,62,92,3.58,overcast clouds,0.0,0
182,Buala,SB,-8.14,159.59,81.25,76,99,11.14,overcast clouds,0.0,0
183,Bani Walid,LY,31.76,13.99,98.91,17,0,5.97,clear sky,0.0,0
184,Misratah,LY,32.38,15.09,82.33,60,0,17.56,clear sky,0.0,0
185,Ust-Kuyga,RU,70.02,135.6,66.42,57,99,3.76,overcast clouds,0.0,0
186,Limoges,FR,45.75,1.33,78.01,40,0,9.17,clear sky,0.0,0
187,Chuy,UY,-33.7,-53.46,49.51,57,0,7.23,clear sky,0.0,0
188,Acapulco,MX,16.86,-99.89,77.0,94,90,5.82,overcast clouds,0.0,0
189,Souillac,MU,-20.52,57.52,71.6,68,75,12.75,shower rain,0.0,0
190,Chara,RU,56.91,118.26,66.49,57,0,3.87,clear sky,0.0,0
191,Tongliao,CN,43.61,122.27,74.52,64,7,6.87,clear sky,0.0,0
192,Mackay,AU,-21.15,149.2,61.0,100,2,6.93,clear sky,0.0,0
193,Zhanakorgan,KZ,43.91,67.25,92.14,21,0,12.75,clear sky,0.0,0
194,Nanortalik,GL,60.14,-45.24,44.58,92,98,9.37,overcast clouds,0.0,0
195,Smithers,CA,54.78,-127.17,50.0,87,75,2.24,shower rain,0.0,0
196,Ordu,TR,40.91,37.68,80.6,69,40,3.36,scattered clouds,0.0,0
197,Paranhos,BR,-23.89,-55.43,70.2,72,100,8.12,overcast clouds,0.0,0
198,Georgetown,MY,5.41,100.34,80.6,94,20,4.7,few clouds,0.0,0
199,Zaraza,VE,9.35,-65.32,84.76,69,51,5.61,broken clouds,0.0,0
200,Kumluca,TR,36.37,30.29,89.01,40,0,9.06,clear sky,0.0,0
201,Jutai,BR,-5.18,-68.9,88.07,58,0,2.19,clear sky,0.0,0
202,Lebu,CL,-37.62,-73.65,50.54,80,100,11.68,light rain,0.22,0
203,Tiznit,MA,29.58,-9.5,93.96,22,0,9.26,clear sky,0.0,0
204,Ahipara,NZ,-35.17,173.17,49.82,82,42,2.95,scattered clouds,0.0,0
205,Thompson,CA,55.74,-97.86,59.0,82,75,3.36,broken clouds,0.0,0
206,Yuzhne,UA,46.62,31.1,86.0,28,0,6.71,clear sky,0.0,0
207,Payakumbuh,ID,-0.22,100.63,71.6,89,95,1.57,moderate rain,1.15,0
208,Caravelas,BR,-17.71,-39.25,79.39,59,29,6.13,scattered clouds,0.0,0
209,Mahebourg,MU,-20.41,57.7,71.6,68,75,12.75,shower rain,0.0,0
210,Alta Floresta,BR,-9.88,-56.09,90.54,33,0,5.59,clear sky,0.0,0
211,Cherskiy,RU,68.75,161.3,46.02,95,40,11.16,scattered clouds,0.0,0
212,Port Augusta,AU,-32.5,137.77,42.8,93,4,5.82,clear sky,0.0,0
213,Xuddur,SO,4.12,43.89,86.4,41,49,20.4,scattered clouds,0.0,0
214,Rocha,UY,-34.48,-54.33,49.24,56,0,9.95,clear sky,0.0,0
215,Matara,LK,5.95,80.54,80.2,86,91,7.74,overcast clouds,0.0,0
216,Broken Hill,AU,-31.95,141.43,46.4,81,90,8.05,overcast clouds,0.0,0
217,Bethel,US,41.37,-73.41,80.01,78,40,9.17,scattered clouds,0.0,0
218,Ajdabiya,LY,30.76,20.23,82.72,53,0,20.38,clear sky,0.0,0
219,Crotone,IT,39.09,17.12,89.6,33,0,8.05,clear sky,0.0,0
220,Lasem,ID,-6.69,111.45,78.57,79,94,7.54,overcast clouds,0.0,0
221,Sioux Lookout,CA,50.1,-91.92,62.6,72,75,8.05,broken clouds,0.0,0
222,Fredericksburg,US,38.3,-77.46,87.01,66,1,4.38,clear sky,0.0,0
223,Darhan,MN,49.49,105.92,65.59,71,100,0.89,overcast clouds,0.0,0
224,Surt,LY,31.21,16.59,81.25,60,0,14.27,clear sky,0.0,0
225,Isiro,CD,2.77,27.62,78.19,72,97,4.05,light rain,0.83,0
226,Ambilobe,MG,-13.2,49.05,75.0,67,10,2.53,clear sky,0.0,0
227,Carauari,BR,-4.88,-66.9,89.78,55,1,1.54,clear sky,0.0,0
228,Inhambane,MZ,-23.86,35.38,78.8,78,11,17.22,few clouds,0.0,0
229,Geraldton,AU,-28.77,114.6,50.0,53,0,12.75,clear sky,0.0,0
230,Puteyets,RU,65.17,57.09,69.08,48,77,8.95,broken clouds,0.0,0
231,Weymouth,US,42.22,-70.94,87.01,66,40,16.11,scattered clouds,0.0,0
232,Ingham,US,42.6,-84.38,78.01,73,1,9.17,clear sky,0.0,0
233,Sivas,TR,39.79,37.0,69.8,60,0,23.04,clear sky,0.0,0
234,Yerofey Pavlovich,RU,53.97,121.97,69.37,59,1,3.02,clear sky,0.0,0
235,Teguldet,RU,57.31,88.17,59.7,76,4,4.5,clear sky,0.0,0
236,Baoding,CN,38.85,115.49,75.97,81,100,1.01,moderate rain,2.24,0
237,Honiara,SB,-9.43,159.95,78.3,73,100,6.49,overcast clouds,0.0,0
238,Puli,TW,23.97,120.97,86.0,74,40,5.82,scattered clouds,0.0,0
239,Sakakah,SA,29.97,40.21,105.8,7,0,3.36,clear sky,0.0,0
240,Leningradskiy,RU,69.38,178.42,38.48,80,0,12.84,clear sky,0.0,0
241,Khatanga,RU,71.97,102.5,51.15,82,99,12.71,overcast clouds,0.0,0
242,Sheltozero,RU,61.37,35.37,64.78,90,100,15.28,light rain,0.79,0
243,Meulaboh,ID,4.14,96.13,77.52,89,99,7.09,light rain,0.8,0
244,Osorio,BR,-29.89,-50.27,57.0,91,100,4.14,overcast clouds,0.0,0
245,Celestun,MX,20.87,-90.4,84.38,68,10,5.73,clear sky,0.0,0
246,Faya,SA,18.39,42.45,86.0,39,40,6.93,scattered clouds,0.0,0
247,Mahon,ES,39.89,4.27,80.6,57,0,21.92,clear sky,0.0,0
248,Hithadhoo,MV,-0.6,73.08,84.52,75,9,10.45,clear sky,0.0,0
249,Maues,BR,-3.38,-57.72,90.48,50,0,4.5,clear sky,0.0,0
250,Bourail,NC,-21.57,165.48,62.94,81,35,3.74,scattered clouds,0.0,0
251,Warmbad,NA,-28.45,18.73,52.7,44,68,3.47,broken clouds,0.0,0
252,Hay River,CA,60.82,-115.8,64.4,77,40,4.7,scattered clouds,0.0,0
253,Bardiyah,LY,31.76,25.09,82.04,50,0,15.9,clear sky,0.0,0
254,Copiapo,CL,-27.37,-70.33,51.8,81,90,1.12,overcast clouds,0.0,0
255,Yonibana,SL,8.44,-12.24,74.64,95,91,5.99,moderate rain,1.76,0
256,Nioro,GM,13.35,-15.75,87.12,63,93,10.33,overcast clouds,0.0,0
257,Pangkalanbuun,ID,-2.68,111.62,74.73,97,100,1.5,moderate rain,1.12,0
258,Kungurtug,RU,50.6,97.52,55.85,81,93,0.65,light rain,0.33,0
259,San Patricio,MX,19.22,-104.7,84.2,74,40,0.07,scattered clouds,0.0,0
260,Sao Filipe,CV,14.9,-24.5,75.97,79,63,9.64,broken clouds,0.0,0
261,Hue,VN,16.47,107.6,77.0,83,75,6.93,broken clouds,0.0,0
262,Mao,ES,39.89,4.27,80.6,57,0,21.92,clear sky,0.0,0
263,Ixtapa,MX,20.7,-105.2,80.6,88,5,8.05,clear sky,0.0,0
264,Ulaangom,MN,49.98,92.07,69.78,56,27,7.9,light rain,0.35,0
265,Bathsheba,BB,13.22,-59.52,87.8,66,40,18.34,shower rain,0.0,0
266,Anloga,GH,5.79,0.9,78.8,88,20,12.75,few clouds,0.0,0
267,Tautira,PF,-17.73,-149.15,73.4,73,20,3.36,few clouds,0.0,0
268,Opuwo,NA,-18.06,13.84,81.55,12,13,9.44,few clouds,0.0,0
269,Abilene,US,32.45,-99.73,86.0,70,1,17.22,clear sky,0.0,0
270,Kodinsk,RU,58.69,99.18,54.77,78,35,3.49,scattered clouds,0.0,0
271,Ribeira Grande,PT,38.52,-28.7,73.4,73,20,8.05,few clouds,0.0,0
272,Lasa,IT,46.62,10.7,57.2,76,40,5.82,scattered clouds,0.0,0
273,Rapid City,US,44.08,-103.23,73.99,52,1,4.7,clear sky,0.0,0
274,Mnogovershinnyy,RU,53.94,139.92,50.07,94,97,2.04,overcast clouds,0.0,0
275,Kouroussa,GN,10.65,-9.88,81.3,80,66,7.18,moderate rain,1.38,0
276,Champerico,GT,14.3,-91.92,80.6,78,75,4.7,broken clouds,0.0,0
277,Ponta Delgada,PT,37.73,-25.67,71.6,64,75,8.05,broken clouds,0.0,0
278,Port Macquarie,AU,-31.43,152.92,53.01,97,100,4.76,overcast clouds,0.0,0
279,Cidreira,BR,-30.18,-50.21,57.4,94,100,7.23,overcast clouds,0.0,0
280,Kloulklubed,PW,7.04,134.26,78.8,88,75,5.7,broken clouds,0.0,0
281,Coquimbo,CL,-29.95,-71.34,50.0,100,20,5.82,few clouds,0.0,0
282,Filingue,NE,14.35,3.32,95.14,35,47,9.98,scattered clouds,0.0,0
283,Esik,KZ,43.36,77.45,73.4,53,75,6.71,broken clouds,0.0,0
284,Griffith,US,41.53,-87.42,82.0,61,1,5.82,clear sky,0.0,0
285,Cap Malheureux,MU,-19.98,57.61,72.0,64,90,10.0,light rain,0.16,0
286,Sokoni,TZ,-6.43,39.55,82.4,65,20,12.75,few clouds,0.0,0
287,Mecca,SA,21.43,39.83,99.81,14,0,17.47,clear sky,0.0,0
288,Abu Samrah,SY,35.3,37.18,93.61,28,0,19.33,clear sky,0.0,0
289,South Lake Tahoe,US,38.93,-119.98,71.01,27,1,4.7,clear sky,0.0,0
290,Athabasca,CA,54.72,-113.29,63.75,77,46,5.41,scattered clouds,0.0,0
291,Port Elizabeth,ZA,-33.92,25.57,55.4,76,75,21.92,broken clouds,0.0,0
292,Nacozari,MX,25.34,-108.26,84.0,77,0,3.0,clear sky,0.0,0
293,Santa Marta,CO,11.24,-74.2,86.0,74,40,3.36,scattered clouds,0.0,0
294,Lorengau,PG,-2.02,147.27,81.5,77,51,5.93,light rain,0.36,0
295,Wanaka,NZ,-44.7,169.15,41.97,80,78,6.44,light rain,0.27,0
296,Xichang,CN,27.9,102.26,71.65,77,100,2.82,light rain,0.51,0
297,Kavaratti,IN,10.57,72.64,81.14,84,100,25.23,moderate rain,2.84,0
298,Saint Anthony,US,45.02,-93.22,80.01,61,1,3.36,clear sky,0.0,0
299,Westport,US,41.14,-73.36,78.01,88,90,8.05,overcast clouds,0.0,0
300,Sobreira,PT,41.52,-7.8,98.01,33,0,4.03,clear sky,0.0,0
301,Victoria,HK,22.29,114.16,86.0,74,62,8.01,broken clouds,0.0,0
302,Leshukonskoye,RU,64.9,45.76,63.32,64,100,8.57,light rain,0.11,0
303,Kitimat,CA,54.05,-128.65,51.8,93,75,4.7,mist,0.0,0
304,Ayagoz,KZ,47.97,80.44,64.22,60,59,11.45,broken clouds,0.0,0
305,Arroyo,ES,41.61,-4.8,90.0,30,4,4.7,clear sky,0.0,0
306,Shirgaon,IN,19.7,72.7,83.19,81,9,14.7,moderate rain,1.14,0
307,Gobabis,NA,-22.45,18.97,64.4,20,0,4.7,clear sky,0.0,0
308,Toropets,RU,56.5,31.64,71.08,50,8,11.48,clear sky,0.0,0
309,Puerto El Triunfo,SV,13.28,-88.55,84.2,100,44,2.33,scattered clouds,0.0,0
310,Norman Wells,CA,65.28,-126.83,50.0,87,90,5.82,overcast clouds,0.0,0
311,Mount Gambier,AU,-37.83,140.77,48.2,93,75,8.05,light intensity shower rain,0.0,0
312,Nishihara,JP,26.18,127.76,84.2,88,40,5.82,scattered clouds,0.0,0
313,Worland,US,44.02,-107.96,69.01,51,1,4.7,clear sky,0.0,0
314,Saint Pete Beach,US,27.73,-82.74,90.0,74,75,12.75,broken clouds,0.0,0
315,Vitoria,BR,-20.32,-40.34,77.0,61,40,6.93,scattered clouds,0.0,0
316,Clyde River,CA,70.47,-68.59,53.6,58,20,4.7,few clouds,0.0,0
317,Pemangkat,ID,1.17,108.97,79.88,78,86,5.08,overcast clouds,0.0,0
318,Taybad,IR,34.74,60.78,86.31,18,0,19.71,clear sky,0.0,0
319,Severomorsk,RU,69.07,33.42,53.6,87,40,8.95,scattered clouds,0.0,0
320,Kodiak,US,57.79,-152.41,54.23,84,0,1.95,clear sky,0.0,0
321,Simpang,ID,-1.27,104.08,75.97,91,100,1.7,overcast clouds,0.0,0
322,Mogok,MM,22.92,96.5,66.51,100,100,4.88,light rain,0.18,0
323,Palembang,ID,-2.92,104.75,74.7,90,89,3.15,overcast clouds,0.0,0
324,Atar,MR,20.52,-13.05,102.13,21,0,10.94,clear sky,0.0,0
325,Piacabucu,BR,-10.41,-36.43,79.2,73,19,13.67,few clouds,0.0,0
326,Mizan Teferi,ET,6.98,35.58,69.21,93,100,1.05,light rain,0.89,0
327,Nizhniy Tsasuchey,RU,50.52,115.13,66.94,79,100,13.44,moderate rain,1.78,0
328,Touros,BR,-5.2,-35.46,78.8,74,75,13.87,broken clouds,0.0,0
329,Bulolo,PG,-7.2,146.65,69.1,76,98,1.43,overcast clouds,0.0,0
330,Balakhta,RU,55.38,91.6,54.97,84,12,1.72,few clouds,0.0,0
331,Barcelona,ES,41.39,2.16,84.0,65,20,13.87,few clouds,0.0,0
332,Point Pedro,LK,9.82,80.23,82.62,80,92,16.93,overcast clouds,0.0,0
333,Jijiga,ET,9.35,42.8,76.03,53,60,7.45,light rain,0.2,0
334,San Quintin,MX,30.48,-115.95,74.39,61,27,8.23,scattered clouds,0.0,0
335,Ayan,RU,56.45,138.17,50.4,95,99,2.62,overcast clouds,0.0,0
336,Kontagora,NG,10.4,5.47,85.28,62,40,3.67,light rain,0.71,0
337,Richards Bay,ZA,-28.78,32.04,62.29,51,95,17.09,overcast clouds,0.0,0
338,Pundaguitan,PH,6.37,126.17,83.28,72,97,2.42,overcast clouds,0.0,0
339,Port Hawkesbury,CA,45.62,-61.35,66.0,100,90,6.93,overcast clouds,0.0,0
340,Pala,TD,9.36,14.9,83.95,65,37,6.85,light rain,0.93,0
341,Sinop,TR,41.77,34.87,71.67,67,0,6.82,clear sky,0.0,0
342,Vardo,NO,70.37,31.11,53.6,66,75,10.29,broken clouds,0.0,0
343,Antofagasta,CL,-23.65,-70.4,57.2,67,40,3.36,scattered clouds,0.0,0
344,Villarrica,PY,-25.75,-56.43,73.35,79,45,3.38,scattered clouds,0.0,0
345,Taitung,TW,22.76,121.14,83.59,77,3,7.18,light rain,0.11,0
346,Saint-Pierre,RE,-21.34,55.48,71.6,64,50,3.36,scattered clouds,0.0,0
347,Tanah Merah,MY,5.8,102.15,78.8,88,40,6.93,thunderstorm,0.0,0
348,Kiama,AU,-34.68,150.87,50.0,89,97,5.01,overcast clouds,0.0,0
349,Radcliff,US,37.84,-85.95,79.0,69,1,6.93,clear sky,0.0,0
350,Calama,CL,-22.47,-68.93,53.6,4,0,21.92,clear sky,0.0,0
351,Pacific Grove,US,36.62,-121.92,57.0,93,90,3.36,mist,0.0,0
352,Grand-Santi,GF,4.25,-54.38,88.3,55,22,4.43,few clouds,0.0,0
353,Riyadh,SA,24.69,46.72,109.4,10,59,13.87,broken clouds,0.0,0
354,Piney Green,US,34.72,-77.32,86.0,78,90,4.7,overcast clouds,0.0,0
355,Nago,JP,26.59,127.98,82.4,88,1,5.82,clear sky,0.0,0
356,Qandala,SO,11.47,49.87,91.58,52,83,1.21,broken clouds,0.0,0
357,Tomatlan,MX,19.93,-105.25,86.04,60,1,0.87,clear sky,0.0,0
358,Chifeng,CN,42.27,118.96,75.06,66,100,3.04,light rain,0.11,0
359,Niteroi,BR,-22.88,-43.1,80.6,73,0,10.29,clear sky,0.0,0
360,Husavik,IS,66.04,-17.34,59.0,62,44,8.05,scattered clouds,0.0,0
361,Jagalur,IN,14.53,76.35,77.74,74,97,16.17,moderate rain,2.28,0
362,Airai,TL,-8.93,125.41,57.79,100,35,3.6,scattered clouds,0.0,0
363,Nerja,ES,36.76,-3.89,79.0,74,16,7.0,few clouds,0.0,0
364,Hurricane,US,37.18,-113.29,88.0,25,41,1.92,scattered clouds,0.0,0
365,Breyten,ZA,-26.3,29.99,45.09,48,0,16.17,clear sky,0.0,0
366,Port Blair,IN,11.67,92.75,82.71,81,100,8.95,light rain,0.48,0
367,Hohhot,CN,40.81,111.65,64.4,82,40,8.95,light rain,0.0,0
368,Tahe,CN,52.33,124.73,68.58,68,67,0.98,broken clouds,0.0,0
369,Komsomolskiy,UZ,40.43,71.72,86.0,27,90,6.93,overcast clouds,0.0,0
370,Daru,PG,-9.08,143.21,77.09,87,100,15.5,light rain,0.14,0
371,Sibiti,CG,-3.68,13.35,84.7,50,47,4.41,scattered clouds,0.0,0
372,Cervo,ES,43.67,-7.41,70.0,76,18,4.0,few clouds,0.0,0
373,Muana,BR,-1.53,-49.22,87.76,57,86,7.99,overcast clouds,0.0,0
374,Lisakovsk,KZ,52.54,62.49,88.57,42,8,1.77,clear sky,0.0,0
375,Burnie,AU,-41.07,145.92,46.99,83,93,3.0,overcast clouds,0.0,0
376,Gat,IL,31.61,34.76,87.01,62,0,1.99,clear sky,0.0,0
377,Harsin,IR,34.27,47.59,96.8,11,40,11.41,scattered clouds,0.0,0
378,Luwuk,ID,-0.95,122.79,76.96,79,93,4.85,overcast clouds,0.0,0
379,Kalabo,ZM,-14.97,22.68,87.04,13,0,6.33,clear sky,0.0,0
380,Dutse,NG,11.76,9.34,92.05,37,34,3.58,scattered clouds,0.0,0
381,Tsagveri,GE,41.8,43.48,70.3,71,100,4.5,light rain,0.91,0
382,Chau Doc,VN,10.7,105.12,78.73,89,100,6.06,overcast clouds,0.0,0
383,Wad Rawah,SD,15.16,33.14,104.95,17,1,5.95,clear sky,0.0,0
384,Parabel,RU,58.7,81.48,66.94,71,56,3.56,broken clouds,0.0,0
385,Pauini,BR,-7.71,-66.98,90.19,48,0,1.57,clear sky,0.0,0
386,Grand Gaube,MU,-20.01,57.66,72.0,64,92,10.0,light rain,0.16,0
387,Finschhafen,PG,-6.6,147.87,76.89,81,98,10.63,light rain,0.33,0
388,Sola,VU,-13.88,167.55,79.83,83,85,24.94,light rain,0.43,0
389,Melfi,IT,41.0,15.65,93.2,24,20,13.87,few clouds,0.0,0
390,Port Lincoln,AU,-34.73,135.87,52.88,81,45,13.44,light rain,0.32,0
391,Port Moresby,PG,-9.44,147.18,75.58,91,100,11.07,overcast clouds,0.0,0
392,La Primavera,CO,5.49,-70.41,83.05,70,0,5.06,clear sky,0.0,0
393,Merke,KZ,42.87,73.18,75.36,33,17,4.99,few clouds,0.0,0
394,Nong Ki,TH,14.69,102.54,80.82,80,99,3.98,overcast clouds,0.0,0
395,Namatanai,PG,-3.67,152.43,79.56,82,20,7.67,few clouds,0.0,0
396,Gurupi,BR,-11.73,-49.07,91.0,33,8,8.9,clear sky,0.0,0
397,Batemans Bay,AU,-35.72,150.18,46.99,100,18,4.52,few clouds,0.0,0
398,Verkhnyaya Tishanka,RU,51.32,40.53,75.47,58,0,5.99,clear sky,0.0,0
399,Huarmey,PE,-10.07,-78.15,64.92,67,95,6.55,overcast clouds,0.0,0
400,Kalengwa,ZM,-13.47,25.0,84.36,22,23,5.91,few clouds,0.0,0
401,Marsa Matruh,EG,31.35,27.25,80.6,61,0,11.41,clear sky,0.0,0
402,Moerai,PF,-22.43,-151.33,73.62,79,92,13.82,light rain,0.11,0
403,Mount Darwin,ZW,-16.77,31.58,75.47,46,94,1.41,overcast clouds,0.0,0
404,Dargaville,NZ,-35.93,173.88,50.2,78,98,4.43,overcast clouds,0.0,0
405,Narsaq,GL,60.92,-46.05,55.4,76,75,6.93,broken clouds,0.0,0
406,Umm Lajj,SA,25.02,37.27,86.56,67,0,10.2,clear sky,0.0,0
407,Sitka,US,57.05,-135.33,53.6,93,90,3.36,overcast clouds,0.0,0
408,Logansport,US,40.75,-86.36,78.8,65,1,8.05,clear sky,0.0,0
409,Gunjur,GM,13.2,-16.73,87.8,74,75,8.05,broken clouds,0.0,0
410,Nazarovo,RU,56.01,90.39,54.55,81,31,1.59,scattered clouds,0.0,0
411,Estevan,CA,49.13,-102.98,61.0,93,90,11.41,overcast clouds,0.0,0
412,Crato,BR,-7.23,-39.41,83.23,43,0,11.27,clear sky,0.0,0
413,Mananjary,MG,-21.22,48.33,70.02,82,2,7.99,clear sky,0.0,0
414,Ambanja,MG,-13.68,48.45,73.51,76,4,2.64,clear sky,0.0,0
415,Planeta Rica,CO,8.41,-75.59,80.6,83,90,5.82,overcast clouds,0.0,0
416,El Dorado,US,33.21,-92.67,86.0,79,1,4.7,clear sky,0.0,0
417,Mehamn,NO,71.04,27.85,52.18,72,83,6.38,broken clouds,0.0,0
418,Khorixas,NA,-20.37,14.97,80.51,14,0,0.47,clear sky,0.0,0
419,Moctezuma,MX,29.8,-109.67,83.68,59,0,0.43,clear sky,0.0,0
420,Hamilton,US,39.18,-84.53,82.99,61,1,5.82,clear sky,0.0,0
421,Mwingi,KE,-0.93,38.06,78.42,44,77,10.04,broken clouds,0.0,0
422,Leninskoye,RU,47.94,132.62,64.26,91,55,0.92,broken clouds,0.0,0
423,Roald,NO,62.58,6.13,53.6,76,75,11.41,shower rain,0.0,0
424,Yar-Sale,RU,66.83,70.83,58.84,58,37,10.07,scattered clouds,0.0,0
425,Bandarbeyla,SO,9.49,50.81,83.57,61,63,31.81,broken clouds,0.0,0
426,Hervey Bay,AU,-25.3,152.85,60.01,87,59,5.01,broken clouds,0.0,0
427,Ust-Koksa,RU,50.27,85.61,55.35,80,100,1.45,light rain,0.21,0
428,Celano,IT,42.09,13.54,89.01,43,2,5.79,clear sky,0.0,0
429,Natal,BR,-5.79,-35.21,78.8,74,75,13.87,broken clouds,0.0,0
430,Vezirkopru,TR,41.14,35.45,84.2,37,20,17.22,few clouds,0.0,0
431,Arlit,NE,18.74,7.39,107.37,11,6,3.47,clear sky,0.0,0
432,Euclides Da Cunha,BR,-10.51,-39.02,78.33,56,52,11.45,broken clouds,0.0,0
433,Slave Lake,CA,55.28,-114.77,55.4,82,1,5.82,clear sky,0.0,0
434,Comodoro Rivadavia,AR,-45.87,-67.5,39.2,60,22,9.17,few clouds,0.0,0
435,Vila Velha,BR,-20.33,-40.29,77.0,61,40,6.93,scattered clouds,0.0,0
436,Takoradi,GH,4.88,-1.76,77.58,78,65,11.88,broken clouds,0.0,0
437,Mahibadhoo,MV,3.78,72.97,83.91,78,35,10.2,scattered clouds,0.0,0
438,Rehau,DE,50.25,12.03,63.0,42,39,8.05,light rain,0.11,0
439,Vostok,RU,46.49,135.88,54.43,99,1,3.51,clear sky,0.0,0
440,Moletai,LT,55.23,25.42,64.99,55,75,10.29,light intensity shower rain,0.0,0
441,Berezovyy,RU,51.67,135.7,59.4,89,0,2.68,clear sky,0.0,0
442,Codrington,AU,-38.27,141.97,47.01,91,84,1.32,light rain,0.26,0
443,Hazorasp,UZ,41.32,61.07,96.8,25,0,13.87,clear sky,0.0,0
444,Namibe,AO,-15.2,12.15,75.2,53,0,11.41,clear sky,0.0,0
445,Lembang,ID,-6.81,107.62,62.92,100,100,1.14,overcast clouds,0.0,0
446,Chateaudun,FR,48.08,1.33,77.0,25,0,8.05,clear sky,0.0,0
447,Sur,OM,22.57,59.53,89.37,63,41,8.52,scattered clouds,0.0,0
448,Vanavara,RU,60.34,102.28,54.16,85,0,4.03,clear sky,0.0,0
449,Abrau-Dyurso,RU,44.69,37.59,87.8,35,0,20.13,clear sky,0.0,0
450,Beloha,MG,-25.17,45.05,74.89,43,2,3.06,clear sky,0.0,0
451,Manzhouli,CN,49.6,117.43,67.19,71,97,9.98,overcast clouds,0.0,0
452,Talara,PE,-4.58,-81.27,80.6,69,31,20.8,scattered clouds,0.0,0
453,Grand Island,US,40.92,-98.34,75.99,69,1,9.17,clear sky,0.0,0
454,Pangody,RU,65.85,74.49,64.29,49,6,7.83,clear sky,0.0,0
455,Igarka,RU,67.47,86.58,59.5,70,32,13.65,scattered clouds,0.0,0
456,Nkhotakota,MW,-12.93,34.3,76.53,59,0,4.45,clear sky,0.0,0
457,Minbu,MM,20.18,94.88,81.12,74,100,7.11,overcast clouds,0.0,0
458,Tilichiki,RU,60.47,166.1,48.09,100,100,3.09,overcast clouds,0.0,0
459,Cururupu,BR,-1.83,-44.87,86.92,59,54,8.99,broken clouds,0.0,0
460,Atambua,ID,-9.11,124.89,71.44,88,92,6.22,overcast clouds,0.0,0
461,Sibolga,ID,1.74,98.78,78.35,80,92,4.5,light rain,0.74,0
462,Amahai,ID,-3.33,128.92,77.09,88,97,3.29,overcast clouds,0.0,0
463,Markova,UA,48.68,24.41,87.8,45,86,11.18,light rain,0.77,0
464,Bonthe,SL,7.53,-12.51,77.41,86,96,12.8,moderate rain,1.08,0
465,Kaeo,NZ,-35.1,173.78,43.0,3,35,1.99,scattered clouds,0.0,0
466,Tsalka,GE,41.59,44.09,62.76,85,99,3.47,light rain,0.49,0
467,Constitucion,CL,-35.33,-72.42,50.41,68,100,7.14,overcast clouds,0.0,0
468,Grindavik,IS,63.84,-22.43,51.8,87,75,13.87,shower rain,0.0,0
469,Hirara,JP,24.8,125.28,84.97,74,0,7.34,clear sky,0.0,0
470,Aransas Pass,US,27.91,-97.15,87.8,74,75,12.75,broken clouds,0.0,0
471,Quijingue,BR,-10.75,-39.21,80.74,50,30,9.93,scattered clouds,0.0,0
472,Rio Grande,BR,-32.03,-52.1,59.0,62,20,14.99,few clouds,0.0,0
473,Sosnovo-Ozerskoye,RU,52.52,111.54,59.56,90,85,11.39,light rain,0.29,0
474,Saint-Francois,FR,46.42,3.91,80.01,22,0,10.29,clear sky,0.0,0
475,Kavieng,PG,-2.57,150.8,82.09,75,100,6.98,overcast clouds,0.0,0
476,Itapora,BR,-22.08,-54.79,83.73,38,10,10.13,clear sky,0.0,0
477,Yenagoa,NG,4.92,6.26,75.72,91,100,5.68,moderate rain,1.08,0
478,Karpogory,RU,64.0,44.45,56.37,95,100,5.28,light rain,0.65,0
479,Saint-Junien,FR,45.88,0.9,75.99,40,0,9.17,clear sky,0.0,0
480,Gandajika,CD,-6.75,23.95,90.86,27,100,7.18,overcast clouds,0.0,0
481,Aksarka,RU,66.56,67.8,63.09,77,100,3.65,light rain,0.31,0
482,Chapais,CA,49.78,-74.85,75.2,83,75,8.05,broken clouds,0.0,0
483,Safaga,EG,26.73,33.94,98.6,29,0,16.11,clear sky,0.0,0
484,Noumea,NC,-22.28,166.46,68.0,77,96,2.24,light rain,0.2,0
485,Arica,CL,-18.48,-70.3,59.0,72,90,5.82,overcast clouds,0.0,0
486,Marzuq,YE,14.4,46.47,97.88,11,32,10.6,scattered clouds,0.0,0
487,Weiser,US,44.25,-116.97,72.0,59,1,2.71,clear sky,0.0,0
488,Ilinskiy,RU,55.62,38.12,80.6,47,11,11.18,few clouds,0.0,0
489,North Bend,US,43.41,-124.22,57.0,100,90,5.82,overcast clouds,0.0,0
490,Pacasmayo,PE,-7.4,-79.57,65.41,74,88,10.96,overcast clouds,0.0,0
491,Baker City,US,44.77,-117.83,64.4,59,1,1.81,clear sky,0.0,0
492,Tarakan,ID,3.3,117.63,81.88,75,100,5.95,light rain,0.25,0
493,Maceio,BR,-9.67,-35.74,82.4,58,40,11.41,scattered clouds,0.0,0
494,Baykit,RU,61.67,96.37,55.74,86,0,3.58,clear sky,0.0,0
495,Tiksi,RU,71.69,128.87,48.49,87,100,8.88,light rain,0.21,0
496,Sembe,CG,1.65,14.58,84.15,61,64,3.38,light rain,0.2,0
497,Santander,ES,43.46,-3.8,75.2,53,40,11.41,scattered clouds,0.0,0
498,Santa Rosa,PH,14.31,121.11,82.4,74,40,1.12,scattered clouds,0.0,0
499,Los Alamos,US,35.89,-106.31,82.99,11,1,3.36,clear sky,0.0,0
500,Port-Gentil,GA,-0.72,8.78,80.6,74,40,13.82,scattered clouds,0.0,0
501,Lagos,NG,6.58,3.75,80.6,83,75,11.41,broken clouds,0.0,0
502,Bad Langensalza,DE,51.1,10.65,66.99,39,57,5.82,broken clouds,0.0,0
503,Deputatskiy,RU,69.3,139.9,58.39,62,100,1.32,overcast clouds,0.0,0
504,Lincoln,US,40.8,-96.67,81.0,64,1,8.05,clear sky,0.0,0
505,Nhulunbuy,AU,-12.23,136.77,75.2,83,0,8.05,clear sky,0.0,0
506,Logrono,ES,42.47,-2.45,84.2,35,0,6.93,clear sky,0.0,0
507,Vestmannaeyjar,IS,63.44,-20.27,53.6,81,75,11.39,broken clouds,0.0,0
508,Tres Arroyos,AR,-38.37,-60.28,51.26,44,67,23.11,broken clouds,0.0,0
509,Toamasina,MG,-18.17,49.38,75.2,73,75,9.17,shower rain,0.0,0
510,Macomer,IT,40.26,8.77,84.99,65,0,13.87,clear sky,0.0,0
511,Vila,PT,42.03,-8.16,95.0,38,0,2.24,clear sky,0.0,0
512,Labuhan,ID,-6.88,112.21,77.56,80,84,9.22,broken clouds,0.0,0
513,Tazovskiy,RU,67.47,78.7,56.52,62,4,9.66,clear sky,0.0,0
514,Yarada,IN,17.65,83.27,86.0,79,75,9.17,thunderstorm,0.0,0
515,La Verne,US,34.1,-117.77,82.0,73,1,2.59,clear sky,0.0,0
516,Kediri,ID,-7.82,112.02,74.91,85,22,10.13,few clouds,0.0,0
517,Wonthaggi,AU,-38.6,145.59,50.0,90,88,4.74,overcast clouds,0.0,0
518,Yelets,RU,52.62,38.5,75.11,54,0,2.42,clear sky,0.0,0
519,Khekra,IN,28.87,77.28,95.0,56,40,4.7,haze,0.0,0
520,San Jose,US,37.34,-121.89,68.0,72,20,1.5,few clouds,0.0,0
521,Grants,US,35.15,-107.85,71.6,18,1,4.7,clear sky,0.0,0
522,Sung Noen,TH,14.9,101.82,80.83,79,100,3.85,overcast clouds,0.0,0
523,Chenzhou,CN,25.8,113.03,79.74,73,100,6.44,overcast clouds,0.0,0
524,Cheremukhovo,RU,60.35,59.99,71.37,49,0,7.72,clear sky,0.0,0
525,Tyrma,RU,50.08,132.17,62.8,91,8,2.01,light rain,0.11,0
526,Ko Samui,TH,9.54,99.94,84.2,79,20,11.5,few clouds,0.0,0
527,Wenling,CN,28.37,121.36,81.0,56,99,9.89,overcast clouds,0.0,0
528,Changji,CN,44.02,87.32,78.8,39,75,11.18,light intensity shower rain,0.0,0
529,Tezu,IN,27.92,96.17,75.65,87,100,3.65,heavy intensity rain,5.62,0
530,Molina,CL,-35.12,-71.28,48.99,93,90,8.05,mist,0.0,0
531,Male,MV,4.17,73.51,86.0,79,75,5.82,broken clouds,0.0,0
532,Mosquera,CO,4.71,-74.23,59.0,72,75,4.7,shower rain,0.0,0
533,Road Town,VG,18.42,-64.62,91.4,70,40,12.75,scattered clouds,0.0,0
534,Bontang,ID,0.13,117.5,80.37,77,47,3.06,scattered clouds,0.0,0
535,Trairi,BR,-3.28,-39.27,86.13,54,61,12.37,broken clouds,0.0,0
536,Vengerovo,RU,55.68,76.75,66.16,85,17,6.24,few clouds,0.0,0
537,Boddam,GB,57.47,-1.78,64.0,55,20,11.41,few clouds,0.0,0
538,Kihei,US,20.79,-156.47,78.8,57,40,17.22,scattered clouds,0.0,0
539,Bayir,TR,37.27,28.22,93.2,45,20,14.99,few clouds,0.0,0
540,Zhuhai,CN,22.28,113.57,88.0,89,40,12.75,scattered clouds,0.0,0
541,Kandrian,PG,-6.22,149.55,77.13,87,58,8.12,broken clouds,0.0,0
542,Coahuayana,MX,18.73,-103.68,78.8,78,75,1.12,broken clouds,0.0,0
543,Akdepe,TM,42.06,59.38,98.6,19,0,13.87,clear sky,0.0,0
544,Aden,YE,12.78,45.04,90.52,63,95,11.45,overcast clouds,0.0,0
545,Voh,NC,-20.97,164.7,62.67,82,24,5.59,few clouds,0.0,0
546,Henties Bay,NA,-22.12,14.28,62.01,71,0,11.99,clear sky,0.0,0
547,Horta,PT,38.53,-28.63,73.4,73,20,9.17,few clouds,0.0,0
548,Mora,CM,11.05,14.14,89.6,59,40,6.93,thunderstorm,0.0,0
549,Tecoanapa,MX,16.52,-98.75,77.02,92,100,0.96,light rain,0.52,0
550,Maralal,KE,1.1,36.7,70.0,54,64,5.93,broken clouds,0.0,0
551,Muros,ES,42.78,-9.06,84.99,51,0,11.41,clear sky,0.0,0
552,Kasongo-Lunda,CD,-6.47,16.82,97.81,20,5,3.22,clear sky,0.0,0
553,Hami,CN,42.8,93.45,83.14,23,64,5.35,broken clouds,0.0,0
554,Kaniama,CD,-7.57,24.18,90.39,26,60,5.37,broken clouds,0.0,0
555,Acarau,BR,-2.89,-40.12,85.33,61,45,13.49,scattered clouds,0.0,0
556,Ruidoso,US,33.33,-105.67,80.6,22,1,5.82,clear sky,0.0,0
557,Thinadhoo,MV,0.53,72.93,84.34,74,23,9.19,few clouds,0.0,0
558,Gravelbourg,CA,49.88,-106.55,64.15,66,0,3.06,clear sky,0.0,0
559,Praia Da Vitoria,PT,38.73,-27.07,73.4,73,40,11.45,scattered clouds,0.0,0
560,Cajamarca,PE,-7.16,-78.5,57.2,71,75,1.12,broken clouds,0.0,0
561,Salinopolis,BR,-0.61,-47.36,84.18,71,92,13.6,light rain,0.21,0
562,Suntar,RU,62.14,117.63,66.56,94,100,7.38,light rain,0.14,0
563,Ilebo,CD,-4.32,20.58,93.52,34,65,1.9,broken clouds,0.0,0
564,Marawi,PH,8.0,124.29,75.99,94,100,3.0,light rain,0.32,0
565,Ayacucho,PE,-13.16,-74.22,57.2,33,0,1.12,clear sky,0.0,0
566,Listvyagi,RU,53.68,86.95,57.54,88,90,2.8,overcast clouds,0.0,0
567,Masuda,JP,34.67,131.85,78.8,74,75,4.7,light intensity shower rain,0.0,0
568,Jurm,AF,36.86,70.83,69.73,34,47,5.19,scattered clouds,0.0,0
569,Nizhniy Ingash,RU,56.2,96.53,54.46,85,0,2.62,clear sky,0.0,0
570,Wangqing,CN,43.32,129.76,60.03,92,95,2.86,overcast clouds,0.0,0
571,Coolum Beach,AU,-26.53,153.1,55.99,98,4,1.01,clear sky,0.0,0
572,Letlhakane,BW,-21.42,25.58,66.07,25,0,12.17,clear sky,0.0,0
